{
    "textures": {
        "layer0": "tconstruct:items/battlesign/handle",
        "layer1": "tconstruct:items/battlesign/head",
        "broken1": "tconstruct:items/battlesign/broken_head"
    },
    "display": {
        "thirdperson_righthand": {
            "rotation": [ 0, 90, 0 ],
            "translation": [ 2.5, -2, 3 ],
            "scale": [ 1.2, 1.2, 1.2 ]
        },
        "thirdperson_lefthand": {
            "rotation": [ 0, 90, 0 ],
            "translation": [ 2.5, -2, 3 ],
            "scale": [ 1.2, 1.2, 1.2 ]
        },
        "firstperson_righthand": {
            "rotation": [ 0, 0, -5 ],
            "translation": [ 0, -2, 0.8 ],
            "scale": [ 1, 1, 1 ]
        },
        "firstperson_lefthand": {
            "rotation": [ 0, 0, -5 ],
            "translation": [ 0, -2, -0.8 ],
            "scale": [ 1, 1, 1 ]
        }
    },
    "overrides": {
        "predicate": {
            "blocking": 1
        },
        "display": {
            "thirdperson_righthand": {
                "rotation": [ 0, -90, 0 ],
                "translation": [ 2.5, -2, 3 ],
                "scale": [ 1.2, 1.2, 1.2 ]
            },
            "thirdperson_lefthand": {
                "rotation": [ 0, -90, 0 ],
                "translation": [ 2.5, -2, 3 ],
                "scale": [ 1.2, 1.2, 1.2 ]
            },
            "firstperson_righthand": {
                "rotation": [ 0, 0, 5 ],
                "translation": [ -5, -2, -0.2 ],
                "scale": [ 1, 1, 1 ]
            },
            "firstperson_lefthand": {
                "rotation": [ 0, 0, 5 ],
                "translation": [ -5, -2, -0.2 ],
                "scale": [ 1, 1, 1 ]
            }
        }
    }
}
